<?xml version="1.0" encoding="UTF-8"?>
<GenRun Id="impl_1" LaunchPart="xc7a35tcsg324-1" LaunchTime="1702736765">
  <File Type="PWROPT-DCP" Name="scan_seg_pwropt.dcp"/>
  <File Type="ROUTE-PWR" Name="scan_seg_power_routed.rpt"/>
  <File Type="PA-TCL" Name="scan_seg.tcl"/>
  <File Type="ROUTE-PWR-SUM" Name="scan_seg_power_summary_routed.pb"/>
  <File Type="REPORTS-TCL" Name="scan_seg_reports.tcl"/>
  <File Type="BG-DRC" Name="scan_seg.drc"/>
  <File Type="OPT-METHODOLOGY-DRC" Name="scan_seg_methodology_drc_opted.rpt"/>
  <File Type="INIT-TIMING" Name="scan_seg_timing_summary_init.rpt"/>
  <File Type="OPT-HWDEF" Name="scan_seg.hwdef"/>
  <File Type="OPT-DCP" Name="scan_seg_opt.dcp"/>
  <File Type="OPT-DRC" Name="scan_seg_drc_opted.rpt"/>
  <File Type="OPT-TIMING" Name="scan_seg_timing_summary_opted.rpt"/>
  <File Type="PWROPT-DRC" Name="scan_seg_drc_pwropted.rpt"/>
  <File Type="PWROPT-TIMING" Name="scan_seg_timing_summary_pwropted.rpt"/>
  <File Type="PLACE-DCP" Name="scan_seg_placed.dcp"/>
  <File Type="PLACE-IO" Name="scan_seg_io_placed.rpt"/>
  <File Type="PLACE-CLK" Name="scan_seg_clock_utilization_placed.rpt"/>
  <File Type="PLACE-UTIL" Name="scan_seg_utilization_placed.rpt"/>
  <File Type="PLACE-UTIL-PB" Name="scan_seg_utilization_placed.pb"/>
  <File Type="PLACE-CTRL" Name="scan_seg_control_sets_placed.rpt"/>
  <File Type="PLACE-SIMILARITY" Name="scan_seg_incremental_reuse_placed.rpt"/>
  <File Type="PLACE-PRE-SIMILARITY" Name="scan_seg_incremental_reuse_pre_placed.rpt"/>
  <File Type="PLACE-TIMING" Name="scan_seg_timing_summary_placed.rpt"/>
  <File Type="POSTPLACE-PWROPT-DCP" Name="scan_seg_postplace_pwropt.dcp"/>
  <File Type="POSTPLACE-PWROPT-TIMING" Name="scan_seg_timing_summary_postplace_pwropted.rpt"/>
  <File Type="PHYSOPT-DCP" Name="scan_seg_physopt.dcp"/>
  <File Type="PHYSOPT-DRC" Name="scan_seg_drc_physopted.rpt"/>
  <File Type="BG-BIT" Name="scan_seg.bit"/>
  <File Type="PHYSOPT-TIMING" Name="scan_seg_timing_summary_physopted.rpt"/>
  <File Type="ROUTE-ERROR-DCP" Name="scan_seg_routed_error.dcp"/>
  <File Type="ROUTE-DCP" Name="scan_seg_routed.dcp"/>
  <File Type="ROUTE-BLACKBOX-DCP" Name="scan_seg_routed_bb.dcp"/>
  <File Type="ROUTE-DRC" Name="scan_seg_drc_routed.rpt"/>
  <File Type="ROUTE-DRC-PB" Name="scan_seg_drc_routed.pb"/>
  <File Type="BITSTR-MSK" Name="scan_seg.msk"/>
  <File Type="ROUTE-DRC-RPX" Name="scan_seg_drc_routed.rpx"/>
  <File Type="BG-BGN" Name="scan_seg.bgn"/>
  <File Type="ROUTE-METHODOLOGY-DRC" Name="scan_seg_methodology_drc_routed.rpt"/>
  <File Type="BITSTR-RBT" Name="scan_seg.rbt"/>
  <File Type="ROUTE-METHODOLOGY-DRC-RPX" Name="scan_seg_methodology_drc_routed.rpx"/>
  <File Type="BG-BIN" Name="scan_seg.bin"/>
  <File Type="ROUTE-METHODOLOGY-DRC-PB" Name="scan_seg_methodology_drc_routed.pb"/>
  <File Type="ROUTE-PWR-RPX" Name="scan_seg_power_routed.rpx"/>
  <File Type="ROUTE-STATUS" Name="scan_seg_route_status.rpt"/>
  <File Type="ROUTE-STATUS-PB" Name="scan_seg_route_status.pb"/>
  <File Type="ROUTE-TIMINGSUMMARY" Name="scan_seg_timing_summary_routed.rpt"/>
  <File Type="ROUTE-TIMING-PB" Name="scan_seg_timing_summary_routed.pb"/>
  <File Type="ROUTE-TIMING-RPX" Name="scan_seg_timing_summary_routed.rpx"/>
  <File Type="ROUTE-SIMILARITY" Name="scan_seg_incremental_reuse_routed.rpt"/>
  <File Type="RDI-RDI" Name="scan_seg.vdi"/>
  <File Type="ROUTE-CLK" Name="scan_seg_clock_utilization_routed.rpt"/>
  <File Type="POSTROUTE-PHYSOPT-DCP" Name="scan_seg_postroute_physopt.dcp"/>
  <File Type="POSTROUTE-PHYSOPT-BLACKBOX-DCP" Name="scan_seg_postroute_physopt_bb.dcp"/>
  <File Type="POSTROUTE-PHYSOPT-TIMING" Name="scan_seg_timing_summary_postroute_physopted.rpt"/>
  <File Type="POSTROUTE-PHYSOPT-TIMING-PB" Name="scan_seg_timing_summary_postroute_physopted.pb"/>
  <File Type="POSTROUTE-PHYSOPT-TIMING-RPX" Name="scan_seg_timing_summary_postroute_physopted.rpx"/>
  <File Type="BITSTR-NKY" Name="scan_seg.nky"/>
  <File Type="BITSTR-BMM" Name="scan_seg_bd.bmm"/>
  <File Type="BITSTR-MMI" Name="scan_seg.mmi"/>
  <File Type="BITSTR-LTX" Name="debug_nets.ltx"/>
  <File Type="BITSTR-LTX" Name="scan_seg.ltx"/>
  <File Type="BITSTR-SYSDEF" Name="scan_seg.sysdef"/>
  <File Type="WBT-USG" Name="usage_statistics_webtalk.html"/>
  <FileSet Name="sources" Type="DesignSrcs" RelSrcDir="$PSRCDIR/sources_1">
    <Filter Type="Srcs"/>
    <File Path="$PSRCDIR/sources_1/new/light_7seg_egol.v">
      <FileInfo>
        <Attr Name="UsedIn" Val="synthesis"/>
        <Attr Name="UsedIn" Val="implementation"/>
        <Attr Name="UsedIn" Val="simulation"/>
      </FileInfo>
    </File>
    <File Path="$PSRCDIR/sources_1/new/scan_seg.v">
      <FileInfo>
        <Attr Name="UsedIn" Val="synthesis"/>
        <Attr Name="UsedIn" Val="implementation"/>
        <Attr Name="UsedIn" Val="simulation"/>
      </FileInfo>
    </File>
    <File Path="$PSRCDIR/sources_1/new/CONSTANT.v">
      <FileInfo>
        <Attr Name="AutoDisabled" Val="1"/>
        <Attr Name="UsedIn" Val="synthesis"/>
        <Attr Name="UsedIn" Val="implementation"/>
        <Attr Name="UsedIn" Val="simulation"/>
      </FileInfo>
    </File>
    <File Path="$PSRCDIR/sources_1/new/BPM_Counter.v">
      <FileInfo>
        <Attr Name="AutoDisabled" Val="1"/>
        <Attr Name="UsedIn" Val="synthesis"/>
        <Attr Name="UsedIn" Val="implementation"/>
        <Attr Name="UsedIn" Val="simulation"/>
      </FileInfo>
    </File>
    <File Path="$PSRCDIR/sources_1/new/Buzzer.v">
      <FileInfo>
        <Attr Name="AutoDisabled" Val="1"/>
        <Attr Name="UsedIn" Val="synthesis"/>
        <Attr Name="UsedIn" Val="implementation"/>
        <Attr Name="UsedIn" Val="simulation"/>
      </FileInfo>
    </File>
    <File Path="$PSRCDIR/sources_1/new/Music_Lib.v">
      <FileInfo>
        <Attr Name="AutoDisabled" Val="1"/>
        <Attr Name="UsedIn" Val="synthesis"/>
        <Attr Name="UsedIn" Val="implementation"/>
        <Attr Name="UsedIn" Val="simulation"/>
      </FileInfo>
    </File>
    <File Path="$PSRCDIR/sources_1/new/AUTO_Mode.v">
      <FileInfo>
        <Attr Name="AutoDisabled" Val="1"/>
        <Attr Name="UsedIn" Val="synthesis"/>
        <Attr Name="UsedIn" Val="implementation"/>
        <Attr Name="UsedIn" Val="simulation"/>
      </FileInfo>
    </File>
    <File Path="$PSRCDIR/sources_1/new/FREE_MODE.v">
      <FileInfo>
        <Attr Name="AutoDisabled" Val="1"/>
        <Attr Name="UsedIn" Val="synthesis"/>
        <Attr Name="UsedIn" Val="implementation"/>
        <Attr Name="UsedIn" Val="simulation"/>
      </FileInfo>
    </File>
    <File Path="$PSRCDIR/sources_1/new/key_board.v">
      <FileInfo>
        <Attr Name="AutoDisabled" Val="1"/>
        <Attr Name="UsedIn" Val="synthesis"/>
        <Attr Name="UsedIn" Val="implementation"/>
        <Attr Name="UsedIn" Val="simulation"/>
      </FileInfo>
    </File>
    <File Path="$PSRCDIR/sources_1/new/ModeFSM.v">
      <FileInfo>
        <Attr Name="AutoDisabled" Val="1"/>
        <Attr Name="UsedIn" Val="synthesis"/>
        <Attr Name="UsedIn" Val="implementation"/>
        <Attr Name="UsedIn" Val="simulation"/>
      </FileInfo>
    </File>
    <File Path="$PSRCDIR/sources_1/new/Learn_Mode.v">
      <FileInfo>
        <Attr Name="AutoDisabled" Val="1"/>
        <Attr Name="UsedIn" Val="synthesis"/>
        <Attr Name="UsedIn" Val="implementation"/>
        <Attr Name="UsedIn" Val="simulation"/>
      </FileInfo>
    </File>
    <File Path="$PSRCDIR/sources_1/new/LERN_Mode.v">
      <FileInfo>
        <Attr Name="AutoDisabled" Val="1"/>
        <Attr Name="UsedIn" Val="synthesis"/>
        <Attr Name="UsedIn" Val="implementation"/>
        <Attr Name="UsedIn" Val="simulation"/>
      </FileInfo>
    </File>
    <File Path="$PSRCDIR/sources_1/new/AUTO_FSM.v">
      <FileInfo>
        <Attr Name="AutoDisabled" Val="1"/>
        <Attr Name="UsedIn" Val="synthesis"/>
        <Attr Name="UsedIn" Val="implementation"/>
        <Attr Name="UsedIn" Val="simulation"/>
      </FileInfo>
    </File>
    <File Path="$PSRCDIR/sources_1/new/Buttun_Debounce.v">
      <FileInfo>
        <Attr Name="AutoDisabled" Val="1"/>
        <Attr Name="UsedIn" Val="synthesis"/>
        <Attr Name="UsedIn" Val="implementation"/>
        <Attr Name="UsedIn" Val="simulation"/>
      </FileInfo>
    </File>
    <Config>
      <Option Name="DesignMode" Val="RTL"/>
      <Option Name="TopModule" Val="scan_seg"/>
    </Config>
  </FileSet>
  <FileSet Name="constrs_in" Type="Constrs" RelSrcDir="$PSRCDIR/constrs_1">
    <Filter Type="Constrs"/>
    <File Path="$PSRCDIR/constrs_1/new/tub7.xdc">
      <FileInfo>
        <Attr Name="UsedIn" Val="synthesis"/>
        <Attr Name="UsedIn" Val="implementation"/>
      </FileInfo>
    </File>
    <Config>
      <Option Name="TargetConstrsFile" Val="$PSRCDIR/constrs_1/new/tub7.xdc"/>
      <Option Name="ConstrsType" Val="XDC"/>
    </Config>
  </FileSet>
  <Strategy Version="1" Minor="2">
    <StratHandle Name="Vivado Implementation Defaults" Flow="Vivado Implementation 2017"/>
    <Step Id="init_design"/>
    <Step Id="opt_design"/>
    <Step Id="power_opt_design"/>
    <Step Id="place_design"/>
    <Step Id="post_place_power_opt_design"/>
    <Step Id="phys_opt_design"/>
    <Step Id="route_design"/>
    <Step Id="post_route_phys_opt_design"/>
    <Step Id="write_bitstream"/>
  </Strategy>
</GenRun>
