<?xml version="1.0" encoding="UTF-8"?>
<GenRun Id="mem_music_synth_1" LaunchPart="xc7a35tcsg324-1" LaunchTime="1704367876">
  <File Type="PA-TCL" Name="mem_music.tcl"/>
  <File Type="RDS-PROPCONSTRS" Name="mem_music_drc_synth.rpt"/>
  <File Type="REPORTS-TCL" Name="mem_music_reports.tcl"/>
  <File Type="RDS-RDS" Name="mem_music.vds"/>
  <File Type="RDS-UTIL" Name="mem_music_utilization_synth.rpt"/>
  <File Type="RDS-UTIL-PB" Name="mem_music_utilization_synth.pb"/>
  <File Type="RDS-DCP" Name="mem_music.dcp"/>
  <File Type="VDS-TIMINGSUMMARY" Name="mem_music_timing_summary_synth.rpt"/>
  <File Type="VDS-TIMING-PB" Name="mem_music_timing_summary_synth.pb"/>
  <FileSet Name="sources" Type="BlockSrcs" RelSrcDir="$PSRCDIR/mem_music">
    <File Path="$PSRCDIR/sources_1/ip/mem_music/mem_music.xci">
      <FileInfo>
        <Attr Name="UsedIn" Val="synthesis"/>
        <Attr Name="UsedIn" Val="implementation"/>
        <Attr Name="UsedIn" Val="simulation"/>
      </FileInfo>
    </File>
    <Config>
      <Option Name="TopModule" Val="mem_music"/>
      <Option Name="UseBlackboxStub" Val="1"/>
    </Config>
  </FileSet>
  <FileSet Name="constrs_in" Type="BlockSrcs" RelSrcDir="$PSRCDIR/mem_music">
    <File Path="$PSRCDIR/sources_1/ip/mem_music/mem_music.xci">
      <FileInfo>
        <Attr Name="UsedIn" Val="synthesis"/>
        <Attr Name="UsedIn" Val="implementation"/>
        <Attr Name="UsedIn" Val="simulation"/>
      </FileInfo>
    </File>
    <Config>
      <Option Name="TopModule" Val="mem_music"/>
      <Option Name="UseBlackboxStub" Val="1"/>
    </Config>
  </FileSet>
  <Strategy Version="1" Minor="2">
    <StratHandle Name="Vivado Synthesis Defaults" Flow="Vivado Synthesis 2017"/>
    <Step Id="synth_design"/>
  </Strategy>
</GenRun>
