<?xml version="1.0" encoding="UTF-8"?>
<GenRun Id="mem_lib_synth_1" LaunchPart="xc7a35tcsg324-1" LaunchTime="1704103397">
  <File Type="PA-TCL" Name="mem_lib.tcl"/>
  <File Type="RDS-PROPCONSTRS" Name="mem_lib_drc_synth.rpt"/>
  <File Type="REPORTS-TCL" Name="mem_lib_reports.tcl"/>
  <File Type="RDS-RDS" Name="mem_lib.vds"/>
  <File Type="RDS-UTIL" Name="mem_lib_utilization_synth.rpt"/>
  <File Type="RDS-UTIL-PB" Name="mem_lib_utilization_synth.pb"/>
  <File Type="RDS-DCP" Name="mem_lib.dcp"/>
  <File Type="VDS-TIMINGSUMMARY" Name="mem_lib_timing_summary_synth.rpt"/>
  <File Type="VDS-TIMING-PB" Name="mem_lib_timing_summary_synth.pb"/>
  <FileSet Name="sources" Type="BlockSrcs" RelSrcDir="$PSRCDIR/mem_lib">
    <File Path="$PSRCDIR/sources_1/ip/mem_lib/mem_lib.xci">
      <FileInfo>
        <Attr Name="UsedIn" Val="synthesis"/>
        <Attr Name="UsedIn" Val="implementation"/>
        <Attr Name="UsedIn" Val="simulation"/>
      </FileInfo>
    </File>
    <Config>
      <Option Name="TopModule" Val="mem_lib"/>
      <Option Name="UseBlackboxStub" Val="1"/>
    </Config>
  </FileSet>
  <FileSet Name="constrs_in" Type="BlockSrcs" RelSrcDir="$PSRCDIR/mem_lib">
    <File Path="$PSRCDIR/sources_1/ip/mem_lib/mem_lib.xci">
      <FileInfo>
        <Attr Name="UsedIn" Val="synthesis"/>
        <Attr Name="UsedIn" Val="implementation"/>
        <Attr Name="UsedIn" Val="simulation"/>
      </FileInfo>
    </File>
    <Config>
      <Option Name="TopModule" Val="mem_lib"/>
      <Option Name="UseBlackboxStub" Val="1"/>
    </Config>
  </FileSet>
  <Strategy Version="1" Minor="2">
    <StratHandle Name="Vivado Synthesis Defaults" Flow="Vivado Synthesis 2017"/>
    <Step Id="synth_design"/>
  </Strategy>
</GenRun>
